id;x;y;cat
0;5.41;6.44;1
1;9.59;5.56;1
2;5.77;7.51;1
3;7.53;9.38;1
4;8.67;9.03;1
5;5.81;9.02;1
6;7.43;6.25;1
7;9.09;6.66;1
8;6.89;7.68;1
9;6.33;5.71;1
10;3.76;7.84;1
11;3.69;6.56;1
12;1.76;7.01;1
13;2.73;7.45;1
14;0.45;6.16;1
15;3.91;9.44;1
16;2.2;9.19;1
17;2.24;5.6;1
18;4.19;5.55;1
19;2.06;3.19;1
20;3.25;1.48;1
21;0.84;4.07;1
22;3.91;4.42;1
23;1.77;1.48;1
24;1.04;2.95;1
25;4.18;3.19;1
26;6.28;2.3;1
27;6.85;3.48;1
28;8.98;2.86;1
29;8.12;1.8;1
30;6.08;0.44;1
31;5.76;3.32;1
32;6.35;6.76;1
33;8.71;7.86;1
34;8.55;5.5;1
35;7.35;7.91;1
36;6.06;8.12;1
37;3.06;8.87;1
38;0.44;6.22;1
39;0.43;7.24;1
40;2.36;6.72;1
41;4.02;7.81;1
42;4.59;6.57;1
43;2.41;5.6;1
44;2.04;9.36;1
45;4.15;5.59;1
46;1.1;2.23;1
47;4.3;2.2;1
48;3.45;0.73;1
49;3.64;3.17;1
50;2.68;4.07;1
51;1.2;1.03;1
52;1.79;3.11;1
53;2.31;1.93;1
54;8.85;3.45;1
55;7.13;3.36;1
56;9.05;1.75;1
57;7.08;1;1
58;5.99;1.41;1
59;7.18;2.19;1
60;8.43;0.74;1
61;5.44;3.97;1
62;6.09;3.06;1
63;9.25;4.45;1
64;5.9;6.82;1
65;8.05;9.33;1
66;7.4;7.18;1
67;6.83;8.95;1
68;1.17;7.02;1
69;3.85;9.09;1
70;1.48;9.01;1
71;0.67;8.09;1
72;2.21;6.76;1
73;4.41;6.83;1
74;3.23;7.65;1
75;3.19;5.53;1
76;0.58;5.85;1
77;2.65;9.11;1
78;2.41;1.12;1
79;0.86;2.87;1
80;4.07;1.88;1
81;3.39;3.13;1
82;0.71;4.36;1
83;2.42;3.46;1
84;1.03;1.84;1
85;6.68;0.49;1
86;9.21;1.27;1
87;8.82;3.73;1
88;5.74;1.42;1
89;7.94;0.47;1
90;6.75;2.16;1
91;7.8;3.8;1
92;8.14;2.64;1
93;5.53;4.16;1
94;6.55;3.68;1
95;8.11;1.58;1
96;8.84;7.72;1
97;6.4;7.54;1
98;7.75;6.23;1
99;8.38;9.13;1
100;5.68;9.05;1
101;5.94;5.65;1
102;9.39;5.53;1
103;7.25;8.56;1
104;7.81;7.33;1
105;0.77;6.3;1
106;2.28;5.62;1
107;2.36;6.82;1
108;2.88;7.79;1
109;3.09;8.91;1
110;1.53;9.3;1
111;3.6;5.51;1
112;1.83;7.76;1
113;3.85;6.9;1
114;0.66;8.57;1
115;1.09;1.14;1
116;3.58;3;1
117;3.92;0.87;1
118;1.16;3.81;1
119;3.71;4.58;1
120;4.37;2.21;1
121;0.98;2.69;1
122;3.06;1.64;1
123;6.15;3.91;1
124;6.44;1.53;1
125;8.76;2.16;1
126;6.81;2.92;1
127;7.9;4.12;1
128;6.49;7.84;1
129;7.52;9;1
130;5.54;6.26;1
131;7.56;6.57;1
132;9.27;6.52;1
133;8.4;7.24;1
134;5.7;8.91;1
135;9.12;5.46;1
136;9.54;9.34;1
137;6.99;5.52;1
138;0.97;7.71;1
139;1.52;9.03;1
140;4.55;6.87;1
141;1.6;6.28;1
142;3.16;6.07;1
143;2.09;2.11;1
144;1.27;3.42;1
145;3.16;0.83;1
146;4.41;0.79;1
147;0.98;1.26;1
148;2.32;4.32;1
149;6.79;1.47;1
150;6.34;4.41;1
151;8.58;3.09;1
152;8.37;1.15;1
153;8.4;4.26;1
154;7.43;2.77;1
155;6.05;2.93;1
156;9.42;1.6;1
157;5.55;0.55;1
158;9.56;4.13;1
159;6.75;0.43;1
160;8.23;5.79;1
161;7.02;6.17;1
162;7.89;7.47;1
163;8.56;8.85;1
164;0.9;5.75;1
165;3.17;8.35;1
166;1.44;6.65;1
167;3.09;5.79;1
168;1.4;8.45;1
169;4.51;6.49;1
170;2.16;7.56;1
171;2.42;9.05;1
172;4.17;7.87;1
173;0.52;7.11;1
174;3.37;3.01;1
175;2.28;1.95;1
176;2.52;3.95;1
177;1.92;0.7;1
178;1.06;3.99;1
179;1.35;2.87;1
180;3.97;4.3;1
181;4.3;1.7;1
182;0.58;1.54;1
183;4.5;3.1;1
184;0.8;0.46;1
185;7.12;2.11;1
186;8.52;0.43;1
187;8.17;3.23;1
188;9.21;1.77;1
189;6.12;1.82;1
190;9.17;3.65;1
191;8.12;4.36;1
192;9.21;6.07;1
193;8.85;7.36;1
194;6.88;9.29;1
195;7.29;6.56;1
196;8;8.43;1
197;5.44;9.22;1
198;5.84;5.47;1
199;6.64;7.71;1
200;7.02;5.43;1
201;9.22;8.65;1
202;1.62;9.43;1
203;1.68;8.25;1
204;0.55;6.84;1
205;2.93;7.33;1
206;2.54;5.77;1
207;3.25;9.21;1
208;4.35;8.33;1
209;1.68;6.83;1
210;3.95;6.19;1
211;1.64;1.14;1
212;0.87;2.81;1
213;3.4;2.06;1
214;2.48;3.86;1
215;4.47;1.6;1
216;2.09;2.42;1
217;0.55;0.57;1
218;6.54;0.41;1
219;7.48;1.09;1
220;7.92;2.17;1
221;5.59;0.9;1
222;5.78;3.87;1
223;9.58;0.84;1
224;5.84;6.68;1
225;7.52;6.61;1
226;6.76;8.89;1
227;5.48;8.73;1
228;9.02;7.02;1
229;9.47;5.89;1
230;8.99;8.4;1
231;6.56;5.8;1
232;3.12;8.91;1
233;2.48;5.45;1
234;4.06;8.21;1
235;2.31;7.2;1
236;3.55;5.59;1
237;0.58;7.53;1
238;1.27;5.68;1
239;1.86;8.88;1
240;0.77;8.73;1
241;3.45;1.42;1
242;3.57;2.9;1
243;1.56;0.99;1
244;2.72;4.45;1
245;1.55;2.2;1
246;4;0.5;1
247;1.24;3.59;1
248;8.55;4.57;1
249;8.42;2.39;1
250;5.93;2.33;1
251;7.34;2.84;1
252;6.92;1.53;1
253;6.28;0.68;1
254;9.28;1.79;1
255;6.17;3.36;1
256;6.96;6.5;1
257;7.49;8.18;1
258;8.33;6.4;1
259;6.58;9.54;1
260;7.44;5.51;1
261;2.53;7.93;1
262;0.84;7.92;1
263;3.91;8.99;1
264;1.14;5.91;1
265;1.56;8.98;1
266;4.16;6.96;1
267;2.68;9.51;1
268;1.73;7.17;1
269;2.77;6.62;1
270;2.98;5.5;1
271;1.17;2.79;1
272;4.28;1.47;1
273;2.03;2.21;1
274;3.66;2.79;1
275;1.78;0.88;1
276;2.83;1.52;1
277;3.4;0.47;1
278;2.72;3.25;1
279;4.13;4.45;1
280;0.58;1.11;1
281;1.16;4.42;1
282;8.41;0.97;1
283;9.4;1.2;1
284;7.14;3.94;1
285;5.49;1.25;1
286;7.01;1.39;1
287;5.82;3.06;1
288;7.94;7.26;1
289;8.82;9.41;1
290;9.14;5.73;1
291;5.88;6.19;1
292;7.12;7.87;1
293;5.79;9.12;1
294;8.58;8.27;1
295;7.65;6.24;1
296;1.83;7.07;1
297;3.02;5.42;1
298;4.29;7.5;1
299;1.17;9.45;1
300;4.19;5.84;1
301;0.58;7.89;1
302;0.52;6.09;1
303;2.9;7.02;1
304;3.55;9.15;1
305;1.89;2.67;1
306;3.03;2.7;1
307;1.45;3.67;1
308;1.29;1.78;1
309;4.53;4.5;1
310;3.17;3.84;1
311;1.96;1;1
312;4.18;2.88;1
313;0.64;4.56;1
314;2.97;1.57;1
315;8.08;0.93;1
316;7.96;2.02;1
317;6.95;0.69;1
318;6.21;1.39;1
319;7.71;3.15;1
320;9.39;9.07;1
321;8.15;6.26;1
322;9.47;6.79;1
323;6.83;8.88;1
324;9.37;8.03;1
325;5.64;5.81;1
326;7.33;7.97;1
327;6.01;7.59;1
328;6.78;6.22;1
329;6;9.53;1
330;8.42;9.41;1
331;2.83;8;1
332;3.88;8.61;1
333;0.75;7.99;1
334;4.18;6.12;1
335;2.97;5.66;1
336;3.24;6.75;1
337;1.73;0.43;1
338;2.54;1.23;1
339;1;3.33;1
340;6.26;3.79;1
341;8.13;2.73;1
342;6.44;2.53;1
343;9.37;1.13;1
344;6.29;0.43;1
345;8.72;4.05;1
346;7.89;1.21;1
347;7.69;4.57;1
348;9.06;2.11;1
349;5.78;1.47;1
350;7.16;3.31;1
351;9.45;3.05;1
352;7.05;7.38;1
353;9.11;7.81;1
354;8.41;6.18;1
355;5.66;5.81;1
356;6.03;7.59;1
357;8.33;9.59;1
358;6.86;9.3;1
359;5.61;9.33;1
360;6.41;6.59;1
361;6.76;5.49;1
362;9.56;9;1
363;0.6;7.66;1
364;1.81;6.82;1
365;4.48;7.68;1
366;1.51;8.47;1
367;3.16;9.07;1
368;1.64;5.59;1
369;0.57;6.12;1
370;3.06;7.62;1
371;4.38;6.05;1
372;4.27;8.92;1
373;3.11;1.54;1
374;0.91;4.47;1
375;1.27;0.77;1
376;1.21;2.23;1
377;3.46;3.71;1
378;8.59;2.83;1
379;8.45;1.13;1
380;7.4;1.14;1
381;6.29;2.46;1
382;7.37;3.51;1
383;8.27;4.01;1
384;8.18;7.42;1
385;9.05;6.48;1
386;8.98;8.09;1
387;7.45;5.49;1
388;6.02;7.46;1
389;5.43;8.33;1
390;7.7;9.34;1
391;7.25;8.24;1
392;8.83;9.54;1
393;4.3;9.08;1
394;0.8;6.3;1
395;3.34;5.87;1
396;0.7;9.05;1
397;3.36;6.93;1
398;3.04;8.44;1
399;2.18;7.53;1
400;3.03;3.54;1
401;0.9;2.33;1
402;1.75;3.75;1
403;2.41;2.22;1
404;1.53;0.85;1
405;4.24;3.15;1
406;8.26;3.4;1
407;8.67;4.51;1
408;6.41;4.22;1
409;9.41;2.82;1
410;5.58;3.13;1
411;6.65;3.08;1
412;6.79;0.81;1
413;8.3;1.64;1
414;5.89;1.38;1
415;9.03;0.56;1
416;5.55;6.89;1
417;9;8.58;1
418;7.05;7.5;1
419;8;7.06;1
420;6.91;6.34;1
421;6.36;8.44;1
422;1.17;6.47;1
423;2.66;7.32;1
424;0.79;7.92;1
425;4.36;8.89;1
426;4.25;6.42;1
427;2.65;5.87;1
428;1.59;9.2;1
429;0.87;0.85;1
430;2.33;3.06;1
431;4.05;3.77;1
432;0.61;3.63;1
433;4.35;2.78;1
434;2.14;1.07;1
435;0.5;2.34;1
436;2.95;0.43;1
437;3.64;1.99;1
438;4.21;1.11;1
439;8.14;1.35;1
440;6.12;0.72;1
441;5.44;2.65;1
442;6.86;3.79;1
443;6.86;1.47;1
444;6.89;2.52;1
445;9.48;3.13;1
446;8.21;2.91;1
447;7.48;0.46;1
448;5.45;5.65;1
449;7.5;8.3;1
450;8.23;7.4;1
451;8.65;5.59;1
452;5.79;9.58;1
453;2.88;7.84;1
454;0.98;7.38;1
455;3.95;7.67;1
456;1.19;8.76;1
457;0.82;5.74;1
458;4.32;6.66;1
459;3.16;6.18;1
460;2.26;8.96;1
461;4.02;3.8;1
462;2.41;2.06;1
463;0.8;4.35;1
464;1.35;2.43;1
465;0.79;0.68;1
466;2.15;4.05;1
467;3.92;2.08;1
468;2.94;1.07;1
469;0.47;3.37;1
470;8.84;3.97;1
471;7.73;1.99;1
472;5.42;2.06;1
473;6.49;2.11;1
474;5.77;4.17;1
475;8.26;2.9;1
476;7.32;0.95;1
477;6.4;3.34;1
478;8.81;0.97;1
479;9.46;2.25;1
480;8.74;5.51;1
481;6.7;7.95;1
482;7.68;9.54;1
483;8.23;7.9;1
484;5.78;7.14;1
485;8.12;6.63;1
486;6.6;6.3;1
487;9.11;9.03;1
488;6.31;9.12;1
489;2.34;5.84;1
490;2.79;7.37;1
491;0.76;9.26;1
492;4.57;7.44;1
493;1.57;8.44;1
494;1.02;6.16;1
495;1.07;2.7;1
496;1.97;3.52;1
497;1.54;0.66;1
498;2.8;1.11;1
499;4.58;2.14;1
500;3;4.28;1
501;4.46;4.34;1
502;5.42;1.96;1
503;8.81;2.36;1
504;6.28;1.31;1
505;7.54;1.11;1
506;8.3;3.81;1
507;6.56;4.3;1
508;9.32;3.95;1
509;9.5;1.52;1
510;6.8;2.3;1
511;7.37;3.28;1
512;9.23;8.57;1
513;7.94;5.88;1
514;6.26;9.08;1
515;6.21;5.46;1
516;5.56;8.34;1
517;8.53;9.31;1
518;4.29;6.28;1
519;3.21;6.61;1
520;2.6;5.64;1
521;1.7;6.27;1
522;2.9;9.24;1
523;2.83;8.05;1
524;3.93;9.05;1
525;1.22;9.25;1
526;1.79;7.76;1
527;2.61;4.29;1
528;2.76;1.5;1
529;1.21;4.02;1
530;1.77;2.4;1
531;4.04;2.43;1
532;3.58;3.94;1
533;0.56;1.97;1
534;1.74;1.14;1
535;2.51;3.19;1
536;0.5;3.07;1
537;8.22;3.51;1
538;6.24;1.09;1
539;8.22;0.89;1
540;9.53;1.58;1
541;6.47;3.98;1
542;7.3;1.74;1
543;9.55;4.33;1
544;6.97;9.06;1
545;8.01;8.51;1
546;7.6;5.89;1
547;9.5;6.35;1
548;2.52;7.31;1
549;3.53;5.68;1
550;1.47;8.23;1
551;4.27;8.82;1
552;0.79;5.64;1
553;4.28;6.7;1
554;0.54;7.74;1
555;2.03;9.22;1
556;0.77;9.29;1
557;2.59;6.19;1
558;1.92;0.89;1
559;2.21;4.06;1
560;2.29;2.78;1
561;3.31;1.87;1
562;0.48;3.43;1
563;0.44;2.4;1
564;3.22;3.39;1
565;7.12;1.54;1
566;9.56;0.96;1
567;6.9;0.49;1
568;5.87;3.95;1
569;8.21;2.67;1
570;6.8;2.52;1
571;9.4;2.81;1
572;9.28;4.52;1
573;8.38;1.5;1
574;7.9;3.76;1
575;5.62;1.58;1
576;6.18;9.35;1
577;7.43;5.74;1
578;7.54;8.8;1
579;6.54;6.95;1
580;9.48;8.04;1
581;9.5;7.02;1
582;5.53;7.27;1
583;8.31;6.4;1
584;6.45;5.46;1
585;1.6;9.34;1
586;4.19;7.8;1
587;2.75;8.26;1
588;1.99;5.47;1
589;1.81;7.85;1
590;3.65;6.42;1
591;2.91;9.53;1
592;0.77;6.48;1
593;3.34;1;1
594;2.59;2.56;1
595;3.58;3.18;1
596;0.63;3.45;1
597;4.58;1.67;1
598;1.44;0.54;1
599;2.25;4.4;1
600;1.48;2.7;1
601;4.53;3.57;1
602;2.01;1.47;1
603;6.46;1.7;1
604;8.57;4.29;1
605;7.8;0.83;1
606;9.23;3.19;1
607;9.48;0.49;1
608;6.19;5.72;1
609;8.01;7.48;1
610;6.44;8.77;1
611;8.38;5.66;1
612;6.08;6.75;1
613;7.86;9.14;1
614;2.15;8.32;1
615;3.48;7.44;1
616;1.59;6.97;1
617;0.98;8.36;1
618;3.83;8.57;1
619;2.23;6.08;1
620;3.3;6.43;1
621;1.13;5.58;1
622;0.55;7.27;1
623;1.71;9.33;1
624;3.93;5.46;1
625;2.86;1.13;1
626;2.16;2.24;1
627;4.1;3.95;1
628;4.53;2.52;1
629;2.03;4.14;1
630;3.9;0.85;1
631;0.69;3.76;1
632;0.48;2.06;1
633;1.74;1.07;1
634;3.23;2.28;1
635;6.7;4.46;1
636;9.19;4.32;1
637;8.56;2.74;1
638;6.92;1.01;1
639;5.88;0.62;1
640;8.92;5.76;1
641;9.32;9.59;1
642;9.23;7.46;1
643;5.78;9.03;1
644;7.29;6.72;1
645;0.58;7.78;1
646;0.53;6.56;1
647;4.39;6.9;1
648;3.24;6.73;1
649;4.37;9.05;1
650;1.85;7.35;1
651;3.24;8.11;1
652;1.91;5.99;1
653;1.74;9.21;1
654;3.93;5.74;1
655;1.7;0.73;1
656;1.78;2.6;1
657;4.45;3.05;1
658;0.43;1.25;1
659;0.53;2.78;1
660;0.99;3.84;1
661;2.77;1.97;1
662;3.6;0.45;1
663;1.94;4.53;1
664;7.34;2.14;1
665;6.03;1.67;1
666;8.81;1.98;1
667;7.19;3.95;1
668;8.6;0.88;1
669;8.2;3.53;1
670;5.74;3.29;1
671;7.56;0.68;1
672;8.05;7.94;1
673;5.48;7.97;1
674;8.95;6.81;1
675;6.95;7.32;1
676;7.73;6.34;1
677;8.94;9.59;1
678;6.78;8.68;1
679;5.75;5.7;1
680;6.77;5.45;1
681;4.31;8.79;1
682;1.53;9.54;1
683;3.53;6.21;1
684;1.88;7.53;1
685;3.01;8.25;1
686;1.33;0.94;1
687;1.88;3.19;1
688;2.96;3.77;1
689;1.96;2.05;1
690;0.45;3.2;1
691;3.4;2.76;1
692;2.45;0.93;1
693;0.81;2.16;1
694;5.73;2.74;1
695;9.2;1.33;1
696;7.68;3.41;1
697;7.34;1.35;1
698;6.43;1.97;1
699;6.54;3.84;1
700;8.26;2.37;1
701;9.55;2.83;1
702;8.21;0.83;1
703;8.94;4.33;1
704;6.57;8.08;1
705;6.26;9.38;1
706;8.48;9.33;1
707;8.53;6.21;1
708;9.01;7.1;1
709;5.8;7.42;1
710;7.1;6.53;1
711;8.48;8.19;1
712;7.09;5.51;1
713;7.44;9.07;1
714;5.89;5.53;1
715;2.74;5.42;1
716;3.59;6.14;1
717;2.89;7.89;1
718;0.65;7.1;1
719;4.33;2.69;1
720;3.14;2.33;1
721;1.31;1.85;1
722;3.55;0.49;1
723;1.86;3.2;1
724;6.65;0.57;1
725;7.72;4.13;1
726;9.56;2.94;1
727;6.45;3.52;1
728;5.82;1.44;1
729;7.56;1.53;1
730;9.01;0.94;1
731;8.9;4.11;1
732;8.52;2.93;1
733;5.69;2.75;1
734;9.28;1.95;1
735;6.07;4.47;1
736;6.67;5.69;1
737;8.87;6.71;1
738;6.68;8.51;1
739;5.78;6.38;1
740;8;7.43;1
741;5.42;8.51;1
742;9;5.43;1
743;6.72;7.2;1
744;7.79;8.68;1
745;0.85;9.2;1
746;3.15;9.2;1
747;0.63;8.21;1
748;2.58;5.45;1
749;1.65;6.48;1
750;3.48;6.51;1
751;4.22;8.61;1
752;1.94;8.61;1
753;2.77;7.9;1
754;0.47;6.53;1
755;4.36;2.7;1
756;2.27;0.51;1
757;2.04;2.44;1
758;0.67;2.84;1
759;0.73;4.2;1
760;1.59;3.42;1
761;9.41;1.08;1
762;6.64;3.48;1
763;9.25;3.04;1
764;8.07;2.69;1
765;7.46;1.55;1
766;6.6;0.92;1
767;9.21;4.35;1
768;5.8;9.32;1
769;8.69;7.38;1
770;5.83;5.85;1
771;8.43;5.47;1
772;5.64;6.98;1
773;6.82;9.23;1
774;6.7;7.67;1
775;9.28;9.54;1
776;7.95;8.13;1
777;6.97;5.77;1
778;3.43;7.32;1
779;2.23;6.49;1
780;4.48;5.9;1
781;2.35;7.7;1
782;2.27;9.52;1
783;0.91;6.03;1
784;3.74;3.71;1
785;0.77;3.63;1
786;2.2;1.2;1
787;4.15;0.5;1
788;3.37;1.86;1
789;1.82;3.02;1
790;0.65;1.13;1
791;4.32;2.68;1
792;1.95;4.27;1
793;7.79;4.25;1
794;7.2;1.34;1
795;5.46;3.67;1
796;7.29;3.2;1
797;7.95;0.54;1
798;8.86;4.41;1
799;9.06;2.09;1
800;9.12;5.99;1
801;7.18;7.92;1
802;9.39;8.1;1
803;7.08;5.47;1
804;5.61;6.84;1
805;8.85;7.12;1
806;8.42;9.21;1
807;5.98;8.05;1
808;6.92;9.2;1
809;3.37;7.73;1
810;0.66;6.07;1
811;4.51;7.02;1
812;2.91;9.31;1
813;2.29;7.66;1
814;3.95;8.76;1
815;0.68;7.17;1
816;2.69;2.73;1
817;4.05;3.02;1
818;2.7;4.03;1
819;3.18;0.79;1
820;0.53;3.37;1
821;1.17;2.31;1
822;6.07;1.08;1
823;8.47;4.48;1
824;6.73;1.92;1
825;5.75;2.68;1
826;9.52;3.36;1
827;7.35;3.65;1
828;9.1;2.23;1
829;8.14;1.37;1
830;9.53;0.84;1
831;5.95;4.53;1
832;6.91;6.19;1
833;6.83;8.05;1
834;8.31;9.35;1
835;7.95;7.54;1
836;8.21;5.49;1
837;9.42;8.42;1
838;4.08;5.92;1
839;2.05;5.71;1
840;0.85;8.16;1
841;2.71;8.06;1
842;3.5;9.11;1
843;2.6;4.33;1
844;2.4;1.72;1
845;3.64;3.24;1
846;1.84;0.81;1
847;0.8;1.95;1
848;3.6;2.02;1
849;2.12;3.26;1
850;4.4;3.97;1
851;4.56;0.94;1
852;0.85;4.1;1
853;3.51;0.42;1
854;6.25;1.74;1
855;7.76;3.06;1
856;6.76;3.36;1
857;8.73;1.57;1
858;9.06;3.66;1
859;6.56;0.58;1
860;5.73;3.35;1
861;5.55;4.57;1
862;7.64;0.51;1
863;7.23;1.46;1
864;7.32;6.38;1
865;7.54;8.73;1
866;8.71;8.54;1
867;8.78;5.61;1
868;6.26;8.76;1
869;5.43;7.75;1
870;6.23;6.73;1
871;8.6;6.75;1
872;7.2;7.57;1
873;5.55;5.45;1
874;4.03;6.46;1
875;4.58;5.48;1
876;2.06;7.44;1
877;1.37;6.12;1
878;4.12;7.54;1
879;0.64;9.08;1
880;1.61;9.47;1
881;4.39;8.96;1
882;1.34;4.03;1
883;0.52;2.3;1
884;2.32;4.42;1
885;2.89;0.67;1
886;1.75;0.96;1
887;4.58;0.81;1
888;4.4;2.6;1
889;2.65;2.45;1
890;1.98;3.23;1
891;6.04;2.96;1
892;7.8;4.27;1
893;7.63;2.54;1
894;7.72;1.38;1
895;6.38;4.51;1
896;7.22;5.53;1
897;5.84;7.59;1
898;7.54;7.84;1
899;5.62;6.29;1
900;8.98;8.89;1
901;9.44;5.55;1
902;9.48;7.2;1
903;8.01;6.81;1
904;6.71;6.92;1
905;3.71;5.72;1
906;1.1;7.52;1
907;3.08;8.22;1
908;0.52;6.51;1
909;4.1;7.85;1
910;1.76;6.52;1
911;2.13;0.96;1
912;2.21;3.15;1
913;1.92;4.45;1
914;1.13;2.58;1
915;4.52;0.8;1
916;4.46;4.5;1
917;3.94;2.79;1
918;0.84;0.57;1
919;3.25;4.44;1
920;0.62;1.67;1
921;8.26;3.47;1
922;6.22;2.03;1
923;6.87;2.89;1
924;7.74;2.14;1
925;5.75;3.49;1
926;5.49;1.06;1
927;6.96;1.26;1
928;7.78;8.4;1
929;6.48;7.42;1
930;8.81;7.46;1
931;6.42;8.93;1
932;7.85;6.22;1
933;7;5.56;1
934;9.24;6.46;1
935;8.5;5.41;1
936;7.54;7.37;1
937;9.05;9.26;1
938;1.21;8.43;1
939;2.46;8.01;1
940;3.84;6.92;1
941;4.41;9.38;1
942;2.93;9.31;1
943;0.97;1.73;1
944;4.29;2.42;1
945;1.06;3.99;1
946;2.95;1.89;1
947;3.93;0.8;1
948;4.14;4.57;1
949;0.99;0.58;1
950;2.83;2.9;1
951;8.21;3.65;1
952;6.44;4.37;1
953;7.46;0.92;1
954;7.23;2.82;1
955;6.31;0.89;1
956;9.24;3.01;1
957;5.58;2.7;1
958;8.49;0.41;1
959;8.2;2.15;1
960;8.35;6.23;1
961;8.65;9.16;1
962;6.59;8.77;1
963;9.25;6.99;1
964;6.29;6.66;1
965;8.01;7.25;1
966;9.25;8.26;1
967;6.72;7.67;1
968;6;5.53;1
969;5.44;7.41;1
970;2;8.24;1
971;1.05;5.94;1
972;4.3;7.7;1
973;2.62;6.94;1
974;4.54;6.46;1
975;0.62;9.18;1
976;3.43;9.42;1
977;1.4;3.79;1
978;4.5;0.52;1
979;0.5;2.55;1
980;2.57;3.07;1
981;2.86;1.14;1
982;3.78;3.06;1
983;4.07;1.97;1
984;8.6;1.56;1
985;6.87;0.41;1
986;8.73;4.12;1
987;8.15;2.82;1
988;7.41;3.99;1
989;9.16;0.62;1
990;6.44;4.38;1
991;6.19;1.75;1
992;6.32;9.23;1
993;9.5;6.52;1
994;8.45;9.13;1
995;8.17;8.01;1
996;7.51;6.9;1
997;6.56;5.79;1
998;6.27;6.77;1
999;7.33;8.68;1
1000;9.59;8.93;1
1001;8.05;5.96;1
1002;9.23;5.49;1
1003;1.96;6.3;1
1004;3.72;6.85;1
1005;0.58;7.53;1
1006;2.7;8.25;1
1007;3.66;8.57;1
1008;0.61;3.9;1
1009;4.52;1.28;1
1010;3.44;4.12;1
1011;2.01;2.6;1
1012;1.27;0.47;1
1013;4.3;3.23;1
1014;2.38;1.56;1
1015;0.44;2.31;1
1016;3.13;2.36;1
1017;9.58;0.87;1
1018;8.13;2.87;1
1019;6.91;1.65;1
1020;6.79;2.82;1
1021;9.26;3.84;1
1022;5.99;0.76;1
1023;8.91;1.91;1
1024;8.17;5.9;1
1025;7.1;7.57;1
1026;6.39;8.48;1
1027;5.67;7.13;1
1028;7.29;9.54;1
1029;8.12;7.46;1
1030;6.58;5.48;1
1031;4.26;9.36;1
1032;1.9;7.52;1
1033;2.89;8.68;1
1034;3.65;6.9;1
1035;2.62;6.71;1
1036;2.99;5.55;1
1037;0.67;6.87;1
1038;1.27;8.48;1
1039;0.99;9.56;1
1040;1.01;5.52;1
1041;3.92;2.48;1
1042;2.61;4.28;1
1043;0.9;3.34;1
1044;2.91;2.67;1
1045;1.12;1.96;1
1046;1.33;0.93;1
1047;3.04;0.83;1
1048;4.42;4.28;1
1049;6.73;2.54;1
1050;5.66;1.6;1
1051;8.03;1.96;1
1052;6.88;1.13;1
1053;6.81;3.75;1
1054;8.84;2.64;1
1055;9.41;4.25;1
1056;6.34;5.72;1
1057;5.48;7.77;1
1058;5.79;9.16;1
1059;8.58;7.61;1
1060;7.14;6.9;1
1061;7.57;9.1;1
1062;6.53;7.89;1
1063;8.25;6.14;1
1064;9.57;7.84;1
1065;9.39;9.45;1
1066;9.48;5.53;1
1067;1.64;7.44;1
1068;3.37;8.5;1
1069;1.5;5.82;1
1070;4.29;6.97;1
1071;1.95;1;1
1072;3.88;0.85;1
1073;1.37;3.31;1
1074;4.25;2.55;1
1075;0.95;0.62;1
1076;4.57;4.27;1
1077;0.56;4.11;1
1078;1.75;4.49;1
1079;2.01;2.03;1
1080;8.17;3.1;1
1081;7.56;0.84;1
1082;6.44;1.98;1
1083;9.49;3.14;1
1084;6.55;3.18;1
1085;9.22;2.12;1
1086;5.9;0.83;1
1087;7.75;4.41;1
1088;6.58;7.89;1
1089;8.47;6.77;1
1090;5.53;8.75;1
1091;8.07;9.51;1
1092;6.72;5.9;1
1093;5.54;7.46;1
1094;5.59;5.74;1
1095;7.83;5.81;1
1096;9.47;7.09;1
1097;8.67;7.82;1
1098;9.3;5.41;1
1099;7.7;8.42;1
1100;3.7;5.58;1
1101;3.18;8.75;1
1102;2.37;9.42;1
1103;2.34;7.98;1
1104;1.04;9.54;1
1105;1.3;7.66;1
1106;0.45;6.16;1
1107;2.73;3.77;1
1108;1.25;4.2;1
1109;1.04;0.54;1
1110;0.92;3.11;1
1111;3.66;1.69;1
1112;2.15;1.22;1
1113;3.66;4.28;1
1114;3.67;0.44;1
1115;2.43;2.51;1
1116;4.5;1.03;1
1117;8.3;0.59;1
1118;9.03;1.32;1
1119;7.49;2.57;1
1120;6.17;7.5;1
1121;7.91;7.07;1
1122;5.93;9.04;1
1123;9.33;7.52;1
1124;6.91;5.65;1
1125;4.52;7.23;1
1126;1.4;6.95;1
1127;3.17;7.05;1
1128;1.94;8.48;1
1129;3.92;6.27;1
1130;0.56;9.58;1
1131;2.07;5.66;1
1132;3.11;8.7;1
1133;0.83;8.13;1
1134;4.53;8.83;1
1135;1.06;5.76;1
1136;3.3;1.11;1
1137;2.19;2.95;1
1138;4.21;1.83;1
1139;1.24;2.53;1
1140;0.84;1.5;1
1141;1.71;0.43;1
1142;2.36;4.21;1
1143;0.76;4.46;1
1144;4.31;4.44;1
1145;7.26;1.5;1
1146;9.2;1.13;1
1147;7.37;4.11;1
1148;6.1;2.87;1
1149;8.31;3.01;1
1150;8.38;0.51;1
1151;9.51;2.79;1
1152;7.85;7.75;1
1153;6.17;9.26;1
1154;8.04;5.47;1
1155;5.83;6.84;1
1156;8.61;6.89;1
1157;9.52;7.92;1
1158;6.76;7.24;1
1159;5.87;7.96;1
1160;6.32;5.65;1
1161;8.48;9.04;1
1162;8.96;5.94;1
1163;0.52;7.12;1
1164;3.23;5.9;1
1165;4.59;5.8;1
1166;3.27;8.21;1
1167;2.12;8.6;1
1168;4.2;8.89;1
1169;4.22;7.66;1
1170;2.23;6.12;1
1171;4.44;0.5;1
1172;1.25;2.68;1
1173;3.89;3.57;1
1174;3.74;2.17;1
1175;1.67;0.99;1
1176;3;1.12;1
1177;3;2.9;1
1178;3.1;4.4;1
1179;2.05;3.65;1
1180;6.42;2.06;1
1181;8.57;3.48;1
1182;8.26;1.61;1
1183;9.52;4.17;1
1184;8.7;7.14;1
1185;7.58;6.82;1
1186;7;8.35;1
1187;8.71;8.89;1
1188;6.85;9.42;1
1189;5.89;8.06;1
1190;6.37;6.89;1
1191;1.14;5.92;1
1192;1.68;7.28;1
1193;2.44;8.4;1
1194;4.52;5.81;1
1195;4.51;8.31;1
1196;1.01;0.6;1
1197;4.38;2.85;1
1198;4.06;1.42;1
1199;1.65;2.07;1
1200;0.83;4.29;1
1201;0.78;2.78;1
1202;2.31;2.91;1
1203;2.8;1.21;1
1204;2.44;4.23;1
1205;3.36;2.53;1
1206;4.39;4.47;1
1207;8.74;2.66;1
1208;8.84;3.9;1
1209;8;0.77;1
1210;7.62;4.58;1
1211;6.69;2.37;1
1212;9.54;1.78;1
1213;7.55;3.05;1
1214;5.49;4.59;1
1215;9.55;0.44;1
1216;7.83;8.49;1
1217;6.51;6.77;1
1218;6.6;5.45;1
1219;8.42;6.79;1
1220;9.45;7.43;1
1221;5.5;6.34;1
1222;7.04;7.74;1
1223;1.29;9.16;1
1224;0.68;7.18;1
1225;4.22;8.97;1
1226;3.93;6.42;1
1227;2.57;6.85;1
1228;1.51;5.41;1
1229;0.57;5.99;1
1230;3.72;2.17;1
1231;1.13;2.97;1
1232;0.87;1.09;1
1233;1.74;1.75;1
1234;2.8;3.35;1
1235;3.29;0.55;1
1236;1.16;4.02;1
1237;2.43;4.5;1
1238;4.59;3.14;1
1239;2.24;0.56;1
1240;9.37;1.3;1
1241;6.63;2.99;1
1242;6.23;1.53;1
1243;7.92;3.19;1
1244;8.7;4.25;1
1245;5.66;4.3;1
1246;8.99;2.29;1
1247;7.97;1.37;1
1248;5.59;9.32;1
1249;8.77;8.1;1
1250;7.39;7.57;1
1251;5.54;7.69;1
1252;8.12;5.97;1
1253;6.3;6.13;1
1254;7.72;9.23;1
1255;9.41;5.5;1
1256;9.46;7.04;1
1257;0.67;8.57;1
1258;3.76;5.8;1
1259;3.22;9.26;1
1260;1.54;7.47;1
1261;0.63;6.77;1
1262;2.94;7.25;1
1263;1.48;5.51;1
1264;4.45;8.07;1
1265;2.3;8.61;1
1266;0.96;9.56;1
1267;2.61;5.88;1
1268;3.43;0.52;1
1269;2.22;1.49;1
1270;2.6;3.57;1
1271;7.55;2.38;1
1272;8.38;3.8;1
1273;5.57;2.38;1
1274;7.99;1.28;1
1275;6.15;0.58;1
1276;9.1;2.05;1
1277;5.98;4.5;1
1278;6.94;3.34;1
1279;9.58;4.5;1
1280;5.77;8.48;1
1281;9.3;6.52;1
1282;8.33;8.71;1
1283;6.25;9.42;1
1284;7.38;9.33;1
1285;6.49;5.92;1
1286;6.49;7.35;1
1287;8.3;6.87;1
1288;3.26;8.53;1
1289;3.36;6.07;1
1290;1.37;5.64;1
1291;0.55;6.34;1
1292;1.33;7.11;1
1293;2.29;7.63;1
1294;4.39;9.29;1
1295;2.36;6.47;1
1296;4.06;2.18;1
1297;3.66;3.33;1
1298;2.18;0.9;1
1299;2.93;4.23;1
1300;3.49;0.82;1
1301;2.57;2.38;1
1302;1.24;4.48;1
1303;1.07;3.1;1
1304;1.3;1.44;1
1305;2.15;3.34;1
1306;9.05;3.01;1
1307;6.43;1.44;1
1308;8.83;4.37;1
1309;5.78;2.85;1
1310;7.81;0.51;1
1311;6.48;4.48;1
1312;5.53;6.52;1
1313;7.16;9.52;1
1314;7.64;8;1
1315;9.27;7.98;1
1316;6.87;6.36;1
1317;8.57;6.64;1
1318;8.48;9.01;1
1319;6.16;8.82;1
1320;6.37;5.45;1
1321;5.81;7.66;1
1322;2.11;8.35;1
1323;3.99;6.54;1
1324;4.27;7.92;1
1325;2.92;6.25;1
1326;1.73;7.06;1
1327;2.32;9.39;1
1328;0.49;5.9;1
1329;0.44;3.75;1
1330;2.64;0.97;1
1331;2.73;2.55;1
1332;2.9;4.4;1
1333;1.19;1.89;1
1334;3.97;1.67;1
1335;4.24;0.57;1
1336;3.45;3.38;1
1337;5.49;2.86;1
1338;8.64;2.54;1
1339;9.5;1.08;1
1340;7.58;3.24;1
1341;8.05;4.53;1
1342;5.59;1.1;1
1343;8.08;0.83;1
1344;5.9;7.96;1
1345;7.34;7.19;1
1346;7.01;8.3;1
1347;8.67;7.27;1
1348;8.39;5.88;1
1349;5.48;6.67;1
1350;0.56;9.42;1
1351;2.52;9.38;1
1352;3.81;7.58;1
1353;2.92;5.63;1
1354;0.74;7.69;1
1355;2.22;7.29;1
1356;4.41;5.86;1
1357;3.84;9.2;1
1358;3.41;0.54;1
1359;2.31;2.69;1
1360;2.27;3.83;1
1361;3.46;3.51;1
1362;1.37;0.91;1
1363;0.77;2.45;1
1364;2.58;1.28;1
1365;0.99;3.78;1
1366;6.03;1.73;1
1367;9.07;2.74;1
1368;6.45;3.79;1
1369;7.04;0.93;1
1370;9.14;0.85;1
1371;8.02;2.52;1
1372;7.46;4.02;1
1373;5.97;0.52;1
1374;7.06;2.03;1
1375;8.52;4.39;1
1376;7.28;8.7;1
1377;7.23;6.33;1
1378;9.15;8.14;1
1379;9.53;6.39;1
1380;8.4;6.12;1
1381;8.12;7.83;1
1382;6.01;5.56;1
1383;6.31;7.14;1
1384;6.03;8.41;1
1385;8.75;9.5;1
1386;0.84;7.74;1
1387;1.13;5.65;1
1388;3.42;8.45;1
1389;2.29;6.36;1
1390;2.39;8.39;1
1391;3.24;5.63;1
1392;3.63;6.68;1
1393;4.42;8.06;1
1394;0.79;0.48;1
1395;2.06;2.8;1
1396;2.11;1.68;1
1397;4.12;3.3;1
1398;3.16;2.25;1
1399;0.97;2.98;1
1400;4.45;1.17;1
1401;3.33;0.74;1
1402;5.85;4.01;1
1403;7.81;1.54;1
1404;7.81;3.82;1
1405;5.59;2.69;1
1406;8.16;2.81;1
1407;6.6;2.11;1
1408;5.59;7.9;1
1409;6.53;5.6;1
1410;8.71;7.97;1
1411;7.19;8.22;1
1412;5.61;9.49;1
1413;7.95;9.21;1
1414;8.3;6.69;1
1415;8.23;5.41;1
1416;6.43;7.3;1
1417;5.41;6.5;1
1418;3.06;7.22;1
1419;1.56;7.98;1
1420;3.26;8.97;1
1421;1.16;6.96;1
1422;1.3;5.49;1
1423;4.47;6.21;1
1424;1.07;9.04;1
1425;2.76;5.96;1
1426;4.48;8.39;1
1427;2.22;9.34;1
1428;4.09;7.32;1
1429;4.49;9.49;1
1430;0.94;0.59;1
1431;4.59;1.64;1
1432;1.38;1.64;1
1433;2.17;2.7;1
1434;0.56;3.43;1
1435;7.59;1.85;1
1436;6.67;4.33;1
1437;8.24;0.67;1
1438;8.09;4.11;1
1439;6.22;1.84;1
1440;8.78;7.22;1
1441;8.83;9.1;1
1442;6.86;6.82;1
1443;6.71;7.83;1
1444;7.5;9.58;1
1445;9.02;5.59;1
1446;7.54;5.41;1
1447;8.2;8.3;1
1448;0.59;6.99;1
1449;1.88;8.97;1
1450;2.77;6.13;1
1451;4.04;8.02;1
1452;2.25;7.55;1
1453;2.02;5.42;1
1454;3.31;8.87;1
1455;4.49;5.49;1
1456;0.98;5.7;1
1457;0.89;9.38;1
1458;4.32;6.78;1
1459;3.91;2.65;1
1460;0.67;0.94;1
1461;0.81;2.14;1
1462;2.05;2.38;1
1463;2.02;4.26;1
1464;1.35;3.3;1
1465;2.32;0.85;1
1466;4.24;4.32;1
1467;3.32;1.71;1
1468;7.38;3.58;1
1469;5.71;0.41;1
1470;5.83;3.33;1
1471;9.31;2.06;1
1472;7.17;6.04;1
1473;5.67;8.56;1
1474;8.6;5.59;1
1475;9.44;8.29;1
1476;5.77;6.65;1
1477;7.39;8;1
1478;7.8;9.01;1
1479;8.28;7.29;1
1480;1.73;9.56;1
1481;3.35;6.85;1
1482;1.34;7.49;1
1483;0.54;6.4;1
1484;4.42;7.28;1
1485;0.95;8.68;1
1486;1.7;3.56;1
1487;1.44;0.96;1
1488;0.57;3.51;1
1489;2.81;2.92;1
1490;0.48;0.59;1
1491;3.34;1.44;1
1492;2.19;1.92;1
1493;2.46;0.7;1
1494;3.74;3.57;1
1495;3.99;2.33;1
1496;8.55;1.82;1
1497;7.69;3.92;1
1498;9.26;4.25;1
1499;8.51;2.99;1
1500;6.2;0.52;1
1501;7.02;1.97;1
1502;5.85;1.7;1
1503;6.46;4.56;1
1504;9.25;9.13;1
1505;6.4;5.76;1
1506;6.35;7.27;1
1507;8.18;5.72;1
1508;8.63;8.01;1
1509;7.79;7.35;1
1510;8.17;9.13;1
1511;9.5;7.18;1
1512;5.9;9.46;1
1513;9.44;5.67;1
1514;7.34;8.49;1
1515;3.57;7.82;1
1516;4.39;6.26;1
1517;2.86;5.64;1
1518;1.65;9.35;1
1519;0.94;6.87;1
1520;4.01;9.16;1
1521;2.13;8.39;1
1522;2.36;2.16;1
1523;1.79;4.2;1
1524;1.46;2.92;1
1525;2.83;0.41;1
1526;3.72;1.22;1
1527;0.95;1.04;1
1528;3.58;4.02;1
1529;4.53;3.66;1
1530;0.64;4.48;1
1531;7.72;3.49;1
1532;8.91;0.68;1
1533;6.25;2.55;1
1534;6.5;0.75;1
1535;7.85;1.68;1
1536;6.51;5.98;1
1537;7.55;9.13;1
1538;9.05;7.43;1
1539;5.45;8.52;1
1540;7.61;6.37;1
1541;8.99;8.99;1
1542;5.85;6.78;1
1543;8.13;8.07;1
1544;1.02;6.69;1
1545;2.48;6.49;1
1546;4.57;6.59;1
1547;1.55;9.37;1
1548;2.52;8.28;1
1549;0.67;8.33;1
1550;0.6;5.68;1
1551;4.42;8.38;1
1552;3.47;7.55;1
1553;3.78;5.75;1
1554;4.38;1.15;1
1555;1.48;1.26;1
1556;2.89;3.82;1
1557;0.76;2.13;1
1558;1.6;3.23;1
1559;3.63;1.83;1
1560;9.07;1.18;1
1561;7.79;3.75;1
1562;7.23;2.08;1
1563;8.46;2.33;1
1564;6.34;3.67;1
1565;7.69;0.7;1
1566;6.22;2.2;1
1567;6.35;1.15;1
1568;8.69;9.15;1
1569;6.84;7.94;1
1570;7.82;7.65;1
1571;9.09;5.94;1
1572;5.55;9.21;1
1573;5.82;6.28;1
1574;6.95;6.19;1
1575;2.23;9.04;1
1576;1.1;6.45;1
1577;2.22;7.06;1
1578;3.05;8.25;1
1579;4.15;5.5;1
1580;0.71;8.15;1
1581;1.46;5.42;1
1582;2.39;2.66;1
1583;3.71;1.02;1
1584;0.72;0.91;1
1585;0.92;2.39;1
1586;3.68;3.59;1
1587;1.43;3.83;1
1588;1.78;0.55;1
1589;4.54;4.17;1
1590;4.19;2.44;1
1591;3.1;1.9;1
1592;7.28;1.94;1
1593;6.18;3.83;1
1594;9.04;1.16;1
1595;9.41;3.99;1
1596;6.08;0.69;1
1597;6.22;2.03;1
1598;7.83;0.46;1
1599;6.8;3.01;1
1600;6.54;7.38;1
1601;7.32;6.58;1
1602;8.37;9;1
1603;6.03;9.54;1
1604;2.32;7.59;1
1605;1.95;8.54;1
1606;4.04;7.4;1
1607;2.84;5.5;1
1608;0.43;6.54;1
1609;3.46;8.72;1
1610;4.04;5.57;1
1611;2.88;6.74;1
1612;4.35;1.4;1
1613;1.01;4.06;1
1614;2.33;1.99;1
1615;2.04;3.01;1
1616;3.95;3.75;1
1617;2.62;0.47;1
1618;0.67;2.2;1
1619;2.69;4.42;1
1620;3.33;1.46;1
1621;8.12;2.55;1
1622;6.22;3.17;1
1623;5.71;1.13;1
1624;6.69;2.06;1
1625;8.11;3.69;1
1626;6.85;4.1;1
1627;7.75;1.58;1
1628;9.53;3.87;1
1629;5.81;4.46;1
1630;9.04;1.9;1
1631;6.73;0.82;1
1632;6.16;7.19;1
1633;8.56;7.42;1
1634;8.03;8.53;1
1635;6.5;8.17;1
1636;6.25;9.2;1
1637;6.82;6.29;1
1638;5.51;6.41;1
1639;0.9;6.1;1
1640;4.13;6.24;1
1641;1.93;6.16;1
1642;2.49;7.56;1
1643;0.83;8.29;1
1644;4.08;8.93;1
1645;3.08;5.8;1
1646;3.41;8.05;1
1647;2.18;9.33;1
1648;3.1;2.17;1
1649;3.06;3.93;1
1650;1.79;3.9;1
1651;2.69;1.02;1
1652;3.87;3.22;1
1653;7.48;2.78;1
1654;9.28;1.87;1
1655;7.66;4.19;1
1656;7.96;1.25;1
1657;8.39;3.44;1
1658;5.62;2.7;1
1659;6.5;3.93;1
1660;9.05;0.66;1
1661;5.81;0.82;1
1662;6.99;1.84;1
1663;9.49;3.93;1
1664;9.49;7.78;1
1665;7.36;7.73;1
1666;8.69;9;1
1667;8.73;7.08;1
1668;6.61;7.01;1
1669;8.63;5.77;1
1670;1.43;8.98;1
1671;2.99;7.5;1
1672;3.4;5.52;1
1673;2.08;5.98;1
1674;2.85;9.22;1
1675;4;9.06;1
1676;2.94;1.1;1
1677;2.82;2.21;1
1678;1.42;2.93;1
1679;1;1.23;1
1680;3.92;3.11;1
1681;4.54;1.27;1
1682;3.3;4.35;1
1683;2.94;3.37;1
1684;0.46;3.31;1
1685;6.94;3.33;1
1686;5.52;2.33;1
1687;8.44;2.46;1
1688;7.73;4.18;1
1689;6.54;1.39;1
1690;9.53;4.59;1
1691;5.55;3.94;1
1692;7.93;0.71;1
1693;9.08;0.69;1
1694;8.64;3.53;1
1695;5.46;0.91;1
1696;7.78;6.23;1
1697;7.31;7.54;1
1698;5.88;5.77;1
1699;6.32;9.15;1
1700;9.51;6.61;1
1701;6.32;6.88;1
1702;1.28;6.67;1
1703;3.06;5.54;1
1704;3.55;7.56;1
1705;3.85;8.61;1
1706;0.55;9.59;1
1707;2.45;7.47;1
1708;4.58;7.09;1
1709;1.48;8.04;1
1710;2.37;9.17;1
1711;4.5;9.56;1
1712;4.14;5.97;1
1713;2.13;1.12;1
1714;1.62;2.97;1
1715;3.3;4.06;1
1716;4.26;2.63;1
1717;1.37;1.84;1
1718;3.45;0.59;1
1719;8.61;0.91;1
1720;8.62;2.13;1
1721;8.47;4.55;1
1722;6.93;4.53;1
1723;9.35;2.95;1
1724;5.64;1.34;1
1725;6.88;1.03;1
1726;6.54;2.09;1
1727;7.59;2.78;1
1728;6.34;8.25;1
1729;6.95;6.14;1
1730;8.06;7.85;1
1731;8.38;9.05;1
1732;8.4;6.86;1
1733;5.68;9.21;1
1734;5.63;7.17;1
1735;3.61;8.11;1
1736;0.48;8.99;1
1737;0.55;6.39;1
1738;4.48;6.85;1
1739;2.77;6.86;1
1740;2.37;8.71;1
1741;1.68;7.14;1
1742;2.1;5.73;1
1743;3.5;9.17;1
1744;0.95;5.44;1
1745;3.38;4.14;1
1746;1.18;4.12;1
1747;4.09;2.03;1
1748;1.24;1.16;1
1749;2.6;2.13;1
1750;1.54;2.24;1
1751;0.44;2.08;1
1752;8.35;2.02;1
1753;7.12;0.42;1
1754;8.86;0.87;1
1755;6.22;1.72;1
1756;9.15;3.63;1
1757;7.24;2.45;1
1758;7.51;3.99;1
1759;9.58;2;1
1760;6.97;8.96;1
1761;8.4;7.07;1
1762;9.44;6.35;1
1763;7.31;6.37;1
1764;9.29;7.71;1
1765;5.85;9.23;1
1766;1.73;6.29;1
1767;1.29;8.86;1
1768;2.44;7.22;1
1769;3.39;5.91;1
1770;3.26;8.2;1
1771;3.93;9.53;1
1772;0.55;5.93;1
1773;4.21;6.76;1
1774;0.77;7.37;1
1775;2.46;5.47;1
1776;2.33;9.25;1
1777;1.19;4.15;1
1778;2.57;3.82;1
1779;3.12;2.31;1
1780;2.84;1.16;1
1781;4.23;4.28;1
1782;0.68;2.57;1
1783;5.62;4.18;1
1784;7.04;2.72;1
1785;5.67;1.88;1
1786;9.46;4.58;1
1787;7.7;1.89;1
1788;6.8;1.35;1
1789;8.75;1;1
1790;8.31;3.92;1
1791;7.05;4.07;1
1792;8.23;8.54;1
1793;7.46;9.33;1
1794;6.09;7.93;1
1795;9.12;9.02;1
1796;8.09;6.26;1
1797;8.12;7.43;1
1798;6.89;6.81;1
1799;5.68;6.94;1
1800;9.18;7.58;1
1801;9.06;5.47;1
1802;0.59;7.75;1
1803;1.04;8.88;1
1804;3.73;6.79;1
1805;3.06;8.32;1
1806;1.84;8.15;1
1807;2.34;6.78;1
1808;2.24;5.5;1
1809;1.32;6.66;1
1810;3.08;3.96;1
1811;3.7;2.45;1
1812;1.08;4.52;1
1813;3.24;0.69;1
1814;2;0.84;1
1815;1.33;3.34;1
1816;1.57;2.04;1
1817;4.25;3.92;1
1818;5.77;3.78;1
1819;7.92;4.12;1
1820;7.24;2.86;1
1821;9.03;1.07;1
1822;7.09;1.58;1
1823;9.39;2.42;1
1824;8.06;7.3;1
1825;5.9;8.96;1
1826;9.18;6.6;1
1827;8.92;9.41;1
1828;9.15;8.03;1
1829;5.85;5.58;1
1830;5.48;7.44;1
1831;7.53;8.75;1
1832;6.61;8.21;1
1833;7.45;5.76;1
1834;8.54;5.68;1
1835;6.82;9.56;1
1836;0.54;7.68;1
1837;2.53;7.06;1
1838;2.59;8.31;1
1839;3.76;6.43;1
1840;1.03;8.89;1
1841;1.34;7.02;1
1842;2.22;6;1
1843;4.53;8.28;1
1844;3.64;8.95;1
1845;3.81;5.41;1
1846;3.33;3.05;1
1847;0.97;1.39;1
1848;4.39;1.76;1
1849;1.15;2.5;1
1850;7.8;1.92;1
1851;6.14;4.58;1
1852;8.74;3.06;1
1853;8.5;0.46;1
1854;5.77;3.55;1
1855;9.43;1.84;1
1856;9.23;6.65;1
1857;7.04;5.55;1
1858;7.35;8.9;1
1859;5.44;5.75;1
1860;5.7;9.33;1
1861;5.94;7.4;1
1862;7.34;6.76;1
1863;8.7;9.53;1
1864;9.44;5.63;1
1865;8.84;7.95;1
1866;3.35;7.57;1
1867;1.98;7.14;1
1868;2.04;8.44;1
1869;0.41;7.72;1
1870;4.52;6.6;1
1871;3.25;6.26;1
1872;4.17;8.91;1
1873;2.18;0.86;1
1874;1.46;4.32;1
1875;0.91;2.94;1
1876;2.34;2.57;1
1877;3.44;1.6;1
1878;2.56;4.34;1
1879;4.43;4.41;1
1880;6.26;3.19;1
1881;6.94;2.16;1
1882;6.3;1.34;1
1883;7.41;0.86;1
1884;9.07;1.59;1
1885;8.16;2.54;1
1886;7.08;4.03;1
1887;9.22;3.74;1
1888;5.44;7.18;1
1889;9;5.47;1
1890;7.02;6.15;1
1891;5.44;5.81;1
1892;8.16;6.98;1
1893;5.96;8.46;1
1894;6.91;7.93;1
1895;8.93;8.44;1
1896;3.72;7.4;1
1897;3.86;6.05;1
1898;0.78;8.71;1
1899;1.2;5.89;1
1900;2.53;7.17;1
1901;1.67;9.59;1
1902;3.06;9.27;1
1903;0.8;7.27;1
1904;4.15;1.06;1
1905;4.52;2.75;1
1906;2.33;1.83;1
1907;2.14;3.33;1
1908;3.59;3.71;1
1909;3.63;1.97;1
1910;7.29;2.45;1
1911;6.29;1.11;1
1912;7.44;4.06;1
1913;8.78;3.53;1
1914;9.56;2.6;1
1915;7.45;1.32;1
1916;9.43;4.32;1
1917;5.85;2.59;1
1918;8.54;0.55;1
1919;6.07;3.66;1
